spotify_uri,title,artist,album,popularity_proxy,spotify_popularity,listeners,playcount,tags,energy,bpm,key,scale,duration_s,has_lyrics,word_count,line_count
spotify:track:0ANIURXWEceAlBhklvA2Tg,"Crown Of The Valley","Jets To Brazil","Orange Rhyming Dictionary",70,32,60553,256044,[],78.3,100.4,A,major,295.47,1,198,33
spotify:track:0CAfXk7DXMnon4gLudAp7J,"Low (feat. T-Pain)","Flo Rida, T-Pain","Mail on Sunday",90,87,1499871,8124159,"[""Hip-Hop"",""Flo Rida"",""rap"",""dance"",""hip hop""]",52.9,127.8,D,minor,230.82,1,709,103
spotify:track:0ESdtt9cjGZUkUbaubSrv2,"Goodbye Blue Sky","Pink Floyd","The Wall",88,,856568,5766370,[],20.7,108.2,D,major,167.24,1,97,20
spotify:track:0HwSU5GzCClVScJFE6VZpM,"Run, Rabbit, Run!","Flanagan & Allen","Flanagan & Allen",66,,26659,114994,[],27.0,87.9,D,major,170.49,1,148,20
spotify:track:0OX9lzZxKlbtn3c2d97uqz,"Long Legged Larry","Aesop Rock","Long Legged Larry",67,,25219,156515,[],37.5,85.2,G,minor,200.55,1,518,59
spotify:track:0Roy7wwiH17bJT5CsZTMtP,"Por Un Amor","Linda Ronstadt","Canciones de mi Padre (Deluxe Edition)",58,36,7856,28667,[],36.4,86.5,B,major,179.08,1,107,27
spotify:track:0W8ykUof4RXSQAXvzMc5u2,Dilate,"Ani DiFranco",Dilate,69,,43180,223983,[],37.8,104.2,A,major,290.03,1,364,63
spotify:track:0YdjfAmUyxF4Dh0HNEhmoI,"JU$T (feat. Pharrell Williams & Zack de la Rocha)","El-P, Killer Mike, Run The Jewels, Zack De La Rocha, Pharrell Williams",RTJ4,43,,654,2315,[],100.0,133.9,A#,minor,206.14,1,735,87
spotify:track:0c6xIDDpzE81m2q797ordA,Hideaway,Kiesza,"Sound Of A Woman",85,57,533051,3786985,[],30.9,122.3,C,minor,274.74,1,331,44
spotify:track:0csqJEOr3dDVzmXbv9HT79,"Long Black Veil","Mike Ness","Cheating At Solitaire",61,,12623,49270,[],50.7,106.1,F,major,244.11,1,173,22
spotify:track:0dbTQYW3Ad1FTzIA9t90E8,"Mona Lisa (feat. Kendrick Lamar)","Lil Wayne, Kendrick Lamar","Tha Carter V",57,,4410,29139,[],75.7,122.3,E,minor,330.92,1,1320,161
spotify:track:0jVo3e34A15l6MNu1O3cfa,"Red Right Hand - 2011 Remaster","Nick Cave & The Bad Seeds","Let Love In (2011 Remaster)",80,,303498,1465452,[],63.9,114.8,B,major,285.79,1,291,28
spotify:track:0oigSejhoNen2EdNAIFcm5,"Hollywood Baby","100 gecs","10,000 gecs",85,58,332373,4046630,"[""hyperpop"",""pop punk"",""pop"",""alternative rock"",""glitch""]",100.0,76.0,A#,major,190.74,1,272,47
spotify:track:0sSdFMuYrn3N9moumV466B,"He Can Only Hold Her","Amy Winehouse","Back To Black",90,67,1155757,7836385,"[""soul"",""jazz"",""female vocalists"",""british"",""Amy Winehouse""]",88.9,97.0,F#,major,164.88,1,125,20
spotify:track:0tij6loXatN15kmrAjWWRr,"Welcome to Hard Times","Charley Crockett","Welcome to Hard Times",72,65,63607,406412,[],46.0,114.8,A#,major,258.26,1,147,25
spotify:track:1I6883eWftxG6oq5SYWPXd,"Mr. Shorty","Marty Robbins","The Drifter",65,,23495,115290,[],34.9,97.0,F#,minor,303.25,1,556,76
spotify:track:1OE5l6sedVcIFELMuxQOPI,"Ripple - 2013 Remaster","Grateful Dead","American Beauty (2013 Remaster)",78,,204846,951434,[],52.9,127.8,G,major,251.15,1,226,30
spotify:track:1WaEl2RKIUq7gxakfucrch,"Pennywise - 2005 Remaster",Pennywise,"Pennywise (2005 Remaster)",80,,262267,1577536,[],72.0,97.0,A,major,97.98,1,182,35
spotify:track:1bcoI2VWqABMDhwoZHf5dp,Starman,"Seu Jorge","The Life Aquatic Exclusive Studio Sessions Featuring Seu Jorge",76,42,160502,724433,[],65.2,119.7,A,minor,238.21,1,243,59
spotify:track:1fCeXjoRExPP2qwSBh2aST,"Black & White","Juice WRLD","Goodbye & Good Riddance",87,,415807,6677722,"[""emo rap"",""2018"",""Juice WRLD"",""Hip-Hop"",""melodic""]",66.4,98.7,C,major,188.37,1,384,55
spotify:track:1hj8os1Xxiuo95atpJzfCp,"This Is A Photograph","Kevin Morby","This Is A Photograph",68,43,39913,194939,[],75.9,125.0,A,minor,232.91,1,309,54
spotify:track:1jXky83x0PR5nrRbAleiJC,"30,000 Pounds of Bananas - Live; 1975","Harry Chapin","Greatest Stories Live",58,,7830,28210,[],23.5,74.0,G,major,683.91,1,561,73
spotify:track:1kPBT8S2wJFNAyBMnGVZgL,"I'd Rather Go Blind","Etta James","Tell Mama",88,,969598,5579914,"[""soul"",""blues"",""female vocalists"",""jazz"",""60s""]",55.9,82.7,A,major,156.65,1,154,18
spotify:track:1kW1cRjYubYQZncmKhuQaE,"Ghost Town","Second Best","Second Best",35,,159,574,[],71.1,122.3,A,major,122.17,0,0,0
spotify:track:1m3cn9F4ROKoOr2uMGqmEh,"Место наших встреч","Англия","Тепло от холодных рук",63,35,13158,84755,[],84.3,70.3,E,minor,215.41,1,118,28
spotify:track:1pJS4rS12iA5MryQSAP2kQ,Movement,"LCD Soundsystem","LCD Soundsystem",80,,303879,1265468,[],17.2,98.7,E,major,192.01,1,276,50
spotify:track:1vnKvlb6cj5NLpd1BMJ2jD,"Summer Babe - Winter Version",Pavement,"Slanted & Enchanted",78,,180253,963380,[],66.7,97.0,D,major,196.6,1,152,27
spotify:track:26RiiHb1dcwbMRITBuUQGw,"Mr. Bill Collector","Bone Thugs-N-Harmony","E. 1999 Eternal",70,49,61644,239205,[],59.0,117.2,A#,minor,301.45,1,962,132
spotify:track:2IJftBfq7pJ43tfnOR0RB3,"99 Luftballons",Nena,Nena,89,78,1018269,6811652,"[""80s"",""german"",""pop"",""new wave"",""deutsch""]",20.8,95.3,E,major,234.16,1,189,42
spotify:track:2Pul6SaLL8e0sQhJDBVOr1,DUMB,"Noga Erez","THE VANDALIST",63,59,15452,74366,[],75.3,93.8,D,minor,141.33,1,371,51
spotify:track:2SwkTlANMqzoEMw6k1YaNU,"Stop Fucking With My Head","Karise Eden","Born To Fight",46,24,1022,3750,[],,,,,,1,201,34
spotify:track:2Vin9asYhJvyvBvGMAyi0f,"For Nancy ('Cos It Already Is)","Pete Yorn",musicforthemorningafter,69,,49593,186951,[],40.2,70.3,D,major,223.29,1,146,24
spotify:track:2g7gviEeJr6pyxO7G35EWQ,"Paradise By the Dashboard Light","Meat Loaf","Bat Out Of Hell",81,,330998,1791310,[],33.3,84.0,D,major,505.78,1,1443,168
spotify:track:2he2lkInF7eCoIlsyZsUMC,"When I Come To You","Jonny Lang","Lie To Me",62,33,17768,58673,[],42.7,90.7,C,major,298.73,1,132,15
spotify:track:2iqA5Na5vlo0bnZUf8KT1N,"new body rhumba (from the film White Noise)","LCD Soundsystem","new body rhumba (from the film White Noise)",73,48,76238,444550,[],65.2,137.2,D,minor,445.38,1,519,89
spotify:track:2lWY3EmnZuH2b1f3Sjh5J8,Galahad,"Josh Ritter","To the Yet Unknowing World (B-Sides, Demos, and Remixes)",60,,11324,45174,[],21.9,114.8,C,major,265.46,1,452,44
spotify:track:2mNmKVBJ1U1nuPFJ5VGjCl,Abissama,"Incredible Polo",Abissama,64,13,20684,83989,[],49.6,110.3,E,major,1570.24,1,90,19
spotify:track:2pcqcTamItjb6XOmhZ9dDr,"Dust in My Bones","Cottonfield Blues, Lyra Stone, Reid Hollis","Dust in My Bones",30,34,64,255,,39.0,78.1,A#,minor,47.04,0,0,0
spotify:track:2wnjZXcAT3rCjjqxLeHjv7,"Going Down","Freddie King","Getting Ready... (World)",76,61,181456,647093,[],60.5,84.0,D,minor,202.6,1,102,20
spotify:track:2zRfQKGRrDI0RRo7bVamAC,Blink,"88 Fingers Louie","Behind Bars (Remixed and Remastered)",65,38,26953,92059,[],60.9,76.0,E,major,169.25,1,198,28
spotify:track:35nOLWeyoXbZvhcczCzQit,"Leaving The Light","Genesis Owusu",STRUGGLER,72,44,57282,367459,[],86.2,86.5,C,major,187.88,1,384,62
spotify:track:37ZJ0p5Jm13JPevGcx4SkF,"Livin' On A Prayer","Bon Jovi","Slippery When Wet",94,,2085835,16973813,"[""rock"",""80s"",""classic rock"",""hard rock"",""bon jovi""]",76.6,122.3,E,minor,248.8,1,294,45
spotify:track:37ZpnrZEiA9roiTZDBz6dw,"Father and Son - Live in London","Flight of the Conchords, Jemaine Clement, Bret McKenzie","Live in London",32,,70,433,[],10.4,74.0,G,major,299.94,0,0,0
spotify:track:38Zs2b75JPNB2tS7O7JQnS,"Stoned at the Nail Salon",Lorde,"Solar Power",87,57,494833,6770413,[],22.9,85.2,D,major,264.31,1,290,36
spotify:track:3ABG1UQTk0eLYUAeWkmfMi,"Shimmy Shimmy Ya","Ol' Dirty Bastard","Return to the 36 Chambers: The Dirty Version",84,69,548063,2976251,[],85.7,95.3,B,minor,228.83,1,341,48
spotify:track:3EXrtClWmgsM7dw75Mw2M1,"When You're Gone","The Cranberries","To The Faithful Departed",87,71,705245,4915940,"[""rock"",""90s"",""female vocalists"",""alternative"",""irish""]",57.5,93.8,G,minor,272.38,1,181,62
spotify:track:3EsjrObXPhXA79Cr4QixY8,"El Matador","Los Fabulosos Cadillacs","20 Grandes Exitos",75,61,139324,620117,[],41.3,97.0,A,minor,304.32,1,260,58
spotify:track:3QnCm1WofA1nsWO3CWFu3t,"System Preferences","Tera Melos","Trash Generator",64,,24378,80743,[],92.2,81.5,E,minor,216.53,1,202,22
spotify:track:3SsXEH9Z7JZ0mdcn5gF4oR,Mosquito,Model/Actriz,Dogsbody,73,,67730,437621,[],97.6,102.3,E,major,192.77,1,272,40
spotify:track:3XnmHCsBIO4cDW73UUrtkA,"Shankill Butchers","The Decemberists","The Crane Wife",79,,216458,1114177,[],38.2,81.5,G#,major,279.6,1,196,27
spotify:track:3ciMXKwXlLCFcQCyhKblZs,"Roller Skates","Steel Pulse","Earth Crisis",72,,74063,333675,[],22.6,79.2,A,major,296.66,1,495,77
spotify:track:3dmqIB2Qxe2XZobw9gXxJ6,"Mary Jane's Last Dance","Tom Petty and the Heartbreakers","Greatest Hits",87,82,709523,5297082,"[""classic rock"",""rock"",""Tom Petty"",""80s"",""90s""]",18.5,85.2,A#,major,280.72,1,268,39
spotify:track:3dxDj8pDPlIHCIrUPXuCeG,Sandstorm,Darude,"Before the Storm",87,74,909657,5086449,"[""trance"",""dance"",""techno"",""electronic"",""electronica""]",14.5,137.2,E,minor,232.28,0,0,0
spotify:track:3pM7gfel0ho7yVJw4KK5Eq,"Independence Day","Elliott Smith",XO,84,50,428163,3076370,[],56.5,87.9,C,major,184.91,1,98,32
spotify:track:3qhlB30KknSejmIvZZLjOD,"End of Beginning",Djo,DECIDE,97,97,2084843,36081085,"[""metalcore"",""deathcore"",""rock"",""death metal"",""post metal""]",68.6,80.4,D,major,159.3,1,197,26
spotify:track:3ySU5vwQB33iGulwcUL9qQ,"Don't Take The Money",Bleachers,"Gone Now",84,,298494,3462202,[],54.6,110.3,C#,major,306.15,1,457,72
spotify:track:3yndKI4zWEyC36BQYrdKBA,"Hit Sale","Therapie TAXI, Roméo Elvis","Hit Sale",47,66,789,6196,[],54.8,81.5,B,minor,199.12,1,454,57
spotify:track:3zG1Xt4ikeUWb8lDRogLx9,Gitana,"Derby Motoreta’s Burrito Kachimba","Hilo Negro",57,40,5023,28127,[],75.0,98.7,B,major,362.44,1,174,36
spotify:track:45uW2Ev9c3iUUtpO5yQEOw,Westfall,"Okkervil River","Don't Fall In Love With Everyone You See",73,,77405,465879,[],85.2,72.1,G,major,354.67,1,252,36
spotify:track:47emsK4Cj4dMqctYq18U03,"All Eyes On Me (Song Only)","Bo Burnham","All Eyes On Me (Song Only)",83,,267433,2836459,[],74.4,117.2,F#,major,212.86,1,396,61
spotify:track:4EVg8veaPIgAx3m2QioPdV,"Ceiling Granny",Mogwai,"As The Love Continues",66,23,26732,116058,[],86.9,76.0,D,major,235.65,0,0,0
spotify:track:4RaxnzmTN4bojbbEYtvXjk,"The Ghost of Tom Joad","Bruce Springsteen","The Ghost Of Tom Joad",76,,145273,749818,[],29.2,87.9,B,minor,263.77,1,280,38
spotify:track:4Zb88sF1Qj778KV5lstVxT,"French Disko",Stereolab,"Refried Ectoplasm [Switched On Volume 2]",79,52,253197,1236255,[],31.4,82.7,C,minor,200.92,1,127,25
spotify:track:4eMxLQtSdgxdA1Hs6D2YuN,"In Hell I'll Be in Good Company","The Dead South","Good Company",78,71,156046,1223472,[],31.9,78.1,G,major,249.56,1,226,28
spotify:track:4geRP2dEYVngPcQR6XGBxF,"I Think I'm Going To Hell - Live","My Morning Jacket","MMJ Live Vol. 2: Chicago 2021",67,13,36736,132861,[],26.0,75.0,A#,major,322.57,1,81,16
spotify:track:4ka1FkKAMde6dQAFFMXKac,"i hope ur miserable until ur dead","Nessa Barrett","i hope ur miserable until ur dead",83,,311068,3011667,[],71.5,117.2,D,major,191.82,1,327,38
spotify:track:4r8thRU9mwxBvb1LlXma1p,"Just Kiss Me","Harry Connick, Jr.","Blue Light, Red Light",58,25,11225,27689,[],36.9,85.2,F,major,293.47,1,223,43
spotify:track:4rcHWl68ai6KvpXlc8vbnE,"Keep on Loving You","REO Speedwagon","Hi Infidelity (30th Anniversary Edition)",85,76,609919,3339787,[],40.9,89.3,F,minor,230.55,1,197,30
spotify:track:4teAkTVhFZzkZdWEOOW3ci,Rolling,"Soul Coughing","El Oso",71,,65216,314672,[],75.1,92.2,E,major,216.31,1,344,41
spotify:track:4uYGT9xCkXYSsHxnbnRqGu,"Good Time Boy","Prof, Fueled by 808","Good Time Boy",30,,84,216,[],60.0,110.3,D#,major,240.96,1,524,72
spotify:track:4yNK2ybBbO7CiuSyTNvBc8,Beams,"Arlo Parks","Ambiguous Desire",67,,42014,116438,[],13.8,86.5,B,major,323.93,1,314,35
spotify:track:56K2S3d7eZZStjaSKSTgXm,"Malagueña","Lucas Imbiriba","Malagueña",46,31,1031,4427,[],40.4,117.2,E,minor,336.02,0,0,0
spotify:track:56hYeuutlZO5Pkm99FzLCW,"Get Free","Major Lazer, Amber Coffman","Free The Universe (Extended Version)",80,,232973,1520403,[],39.1,87.9,G,major,241.42,1,279,51
spotify:track:57c0n9yCY10cZ30tXSrxOi,"Seanchaí","The Scratch","Couldn't Give a Rats",55,39,4498,18576,[],50.4,72.1,F#,major,220.38,1,471,39
spotify:track:5B8N5rPOmTVVGpuBMK2Vby,"Teen Idle",MARINA,"Electra Heart (Deluxe)",88,,614639,6427910,"[""pop"",""downtempo"",""art pop"",""synthpop"",""alt-pop""]",69.3,122.3,D,minor,254.4,1,370,53
spotify:track:5Llanvs8zPL8f6HMY9WWf8,DEViL,IDK,"e.t.d.s. A Mixtape by .idk.",67,52,37164,123138,[],97.8,117.2,G#,minor,133.56,0,0,0
spotify:track:5V0AWCNERrcnKoDixpaTqP,"Rescue Me",Y&T,"Earthshaker (Expanded Edition)",63,,20015,64425,[],76.3,110.3,A,minor,283.37,1,274,34
spotify:track:5iXnD2VizcAbErpkcuNQ6I,MYSTERY,Turnstile,"GLOW ON",84,60,304690,3459637,[],65.7,82.7,E,minor,165.34,1,106,21
spotify:track:5uxZ7bEBWDpZZEtzuo5VB1,"David Bowie Wants Ideas",Bongwater,"Box of Bongwater",50,,2645,7644,[],50.2,127.8,E,minor,134.0,0,0,0
spotify:track:5vfg8mxKVeKIHMEvhcAEDN,"Весна",Dolphin,"Звезда",70,46,38920,270019,[],42.5,110.3,F,major,290.02,1,80,20
spotify:track:6ET9kf9riLETWs9lePUEAI,"Slow Burn","Kacey Musgraves","Golden Hour",84,72,342089,3807932,[],61.0,74.0,F#,minor,247.21,1,208,32
spotify:track:6Jub05dvpbF4Im83NqMCUg,"United States Of Whatever","Liam Lynch","Fake Songs",80,,282037,1552081,[],45.6,108.2,A,major,88.84,1,175,12
spotify:track:6LgJvl0Xdtc73RJ1mmpotq,"Paranoid Android",Radiohead,"OK Computer",96,74,2485971,28028699,"[""alternative rock"",""alternative"",""rock"",""indie"",""radiohead""]",15.4,80.4,A,minor,392.57,1,258,58
spotify:track:6Pxqd7tcXE0t4mfK7PGDra,"Guess I'm Doing Fine",Beck,"Sea Change",80,,308280,1452784,[],61.2,119.7,E,major,289.29,1,123,20
spotify:track:6QYVVHpGvyl77uqfPGZDSu,"You Ain't Alone","Alabama Shakes","Boys & Girls (Deluxe Edition)",77,22,175290,805374,[],37.7,122.3,C,major,359.65,1,213,34
spotify:track:6VWsWgliFma9IFL2NlQ1H7,"Check the Lock",clipping.,"Visions of Bodies Being Burned",74,,81623,572119,[],85.0,100.4,E,minor,217.32,1,659,76
spotify:track:6dsTMRIpvObTocRwTzf4Uv,"One Of Those Days","Dirty Heads","One Of Those Days",50,55,2510,7848,[],83.6,86.5,G,major,189.7,1,434,57
spotify:track:6s0F09N7jp4wSqN8vVgMQR,"Back To Oz","Sufjan Stevens, Angelo De Augustine","A Beginner's Mind",56,49,5378,24498,[],70.0,85.2,C#,minor,253.93,1,301,53
spotify:track:6uEvFCaOqXyEidoO8BZbyh,"Du hast",Rammstein,Sehnsucht,92,66,1364276,13693277,"[""industrial metal"",""metal"",""german"",""industrial"",""Rammstein""]",53.1,125.0,E,minor,235.01,1,160,32
spotify:track:71EHOyEOhNx1SzTebRRyng,Weak,SWV,"It's About Time",83,71,401731,2442164,[],28.6,127.8,A,minor,278.53,1,534,70
spotify:track:756CJtQRFSxEx9jV4P9hpA,"I Believe in a Thing Called Love","The Darkness","Permission to Land",88,75,908447,6326227,"[""rock"",""glam rock"",""hard rock"",""british"",""classic rock""]",90.3,127.8,F,major,232.0,1,188,26
spotify:track:7KvSuH86lIT2aTl9PBCAfd,"6 Underground","Sneaker Pimps","Becoming X",86,,680941,4109282,"[""lush"",""trip-hop"",""chillout"",""electronic"",""trip hop""]",19.7,85.2,F#,minor,235.5,1,197,49
spotify:track:7dSCxR4LqkmxoBrq9MzVSD,"Psycho Killer","Talking Heads","Talking Heads '77",89,80,1196087,6766202,"[""new wave"",""80s"",""post-punk"",""rock"",""alternative""]",49.7,125.0,A,minor,263.19,1,230,42
spotify:track:7mczLeiFeYKRb7vtiPjuMb,DArkSide,"Bring Me The Horizon","POST HUMAN: NeX GEn",87,76,376208,6386356,"[""metalcore"",""alternative metal"",""rock"",""metal"",""post-hardcore""]",94.4,85.2,A,minor,165.11,1,276,50
spotify:track:7nYvUtkQMx1v80S2FH2s9J,Regulate,"Warren G, Nate Dogg","Regulate… G Funk Era",87,74,831888,4931405,"[""Hip-Hop"",""rap"",""G-funk"",""90s"",""hip hop""]",69.2,95.3,E,minor,238.25,1,588,68
spotify:track:7omij53d6AvXefx13NNyfn,"Where's The Catch? (feat. André 3000)","James Blake, André 3000","Assume Form",51,47,2241,10222,[],76.7,92.2,C,minor,276.01,1,399,71
spotify:track:7wdsny4I4vMLY4wCF9FDkr,"Nights Like These",Lucero,Tennessee,68,,29880,225496,[],73.1,75.0,D,major,235.68,1,203,34
spotify:track:7wdzLe2Gsx1RGqbvYZHASz,i,"Kendrick Lamar",i,91,70,1087018,12499879,"[""rap"",""funk"",""hip hop"",""Hip-Hop"",""Neo Soul""]",33.4,122.3,F,minor,282.08,1,658,85
