season,round_number,round_name,submitter,title,artist,points,rank_in_round,is_winner,popularity_proxy,obscurity,energy_pct,lyrics,bpm,key,scale,duration_s,top_tag,tags,spotify_uri,album_art_url
1,,"Hit then quit it",missmara,"Somebody That I Used To Know","Gotye, Kimbra",30,1,yes,97,3,16,"on file",127.8,C,major,243.89,indie,"indie|alternative|electronic|australian|love at first listen",spotify:track:4wCmqSrbyCgxEXROQE6vtV,
1,,"Nada de ingles",lorimariani,"99 Luftballons",Nena,29,1,yes,78,22,21,"on file",95.3,E,major,234.16,80s,"80s|german|pop|new wave|deutsch",spotify:track:2IJftBfq7pJ43tfnOR0RB3,
1,,"Most likely to....",mmariani13,"Killing Me Softly With His Song","Fugees, Ms. Lauryn Hill",28,1,yes,21,79,32,"on file",93.8,A,minor,253.92,,,spotify:track:0Q0IVlqMV64kNLlwjPj0Hl,
1,,"Nada de ingles",margs,"Dos Oruguitas","Sebastian Yatra",28,2,"",51,49,9,"on file",127.8,C,major,307.27,,,spotify:track:5rohUzwEoRsUvAA1Bf3DLo,
1,,"Hit then quit it",Mashew,"I Believe in a Thing Called Love","The Darkness",27,2,"",76,24,90,"on file",127.8,F,major,232.0,rock,"rock|glam rock|hard rock|british|classic rock",spotify:track:756CJtQRFSxEx9jV4P9hpA,
1,,"Dance IF nobody's watching.",Kristin,"The Fox (What Does the Fox Say?)",Ylvis,26,1,yes,51,49,82,"on file",127.8,G#,minor,224.86,,,spotify:track:5HOpkTTVcmZHnthgyxrIL8,
1,,"Movie Stars","Sasha Mariana","Hooked On A Feeling","Blue Swede, Björn Skifs",26,1,yes,18,82,50,"on file",119.7,G#,major,173.49,,,spotify:track:6Ac4NVYYl2U73QiTt11ZKd,
1,,"Finding Emos",margs,"Sugar, We're Goin Down","Fall Out Boy",26,1,yes,92,8,79,"on file",80.4,D,major,229.53,"pop punk","pop punk|rock|alternative|emo|Fall Out Boy",spotify:track:2TfSHkHiFO4gRztVIkggkE,
1,,"Most likely to....","Sasha Mariana",vampire,"Olivia Rodrigo",25,2,"",99,1,55,"on file",137.2,F,major,244.34,"pop rock","pop rock|pop|piano rock|guts|singer-songwriter",spotify:track:1kuGVB7EU95pJObxwvfwKS,
1,,"Movie Stars",Kristin,"Bohemian Rhapsody - Remastered 2011",Queen,24,2,"",92,8,38,"on file",72.1,A#,major,359.45,"classic rock","classic rock|rock|Queen|70s|80s",spotify:track:7tFiyTwD0nx5a1eklYtX2J,
1,,"Turn that Sh!# down!",Mashew,"Come Down","Anderson .Paak",24,1,yes,66,34,72,"on file",98.7,F,minor,174.56,,,spotify:track:276zciJ7Fg7Jk6Ta6QuLkp,
1,,"Eh for effort",Mashew,"Brain Stew","Green Day",24,1,yes,88,12,37,"on file",78.1,G#,major,272.82,"punk rock","punk rock|punk|rock|90s|green day",spotify:track:1nLnpLXvl68RZCSjfkyiaa,https://i.scdn.co/image/ab67616d0000b273ac9a652335cf34de9a65292a
1,,"Dance IF nobody's watching.",margs,"Low (feat. T-Pain)","Flo Rida, T-Pain",23,2,"",80,20,53,"on file",127.8,D,minor,230.82,Hip-Hop,"Hip-Hop|Flo Rida|rap|dance|hip hop",spotify:track:0CAfXk7DXMnon4gLudAp7J,
1,,"Dance IF nobody's watching.",gregamariani,"Party In The U.S.A.","Miley Cyrus",23,2,"",92,8,57,"on file",95.3,D#,minor,207.13,pop,"pop|Miley Cyrus|guilty pleasure|dance|party in the usa",spotify:track:5Q0Nhxo0l2bP3pNjpGJwV1,
1,,"Movie Stars",jellydru,"All Star","Smash Mouth",21,3,"",86,14,63,"on file",104.2,F#,major,236.68,rock,rock|90s|pop|alternative|Soundtrack,spotify:track:3cfOd4CMv2snFaKAnMdnvK,
1,,"Most likely to....",Mashew,"Guerrilla Radio","Rage Against The Machine",21,3,"",79,21,41,"on file",104.2,F#,minor,220.44,rock,"rock|rapcore|alternative|hard rock|political",spotify:track:1wsRitfRRtWyEapl0q22o8,
1,,"Eh for effort",missmara,"Bad Blood (feat. Kendrick Lamar) (Taylor's Version)","Taylor Swift, Kendrick Lamar",21,2,"",24,76,65,"on file",85.2,E,minor,244.89,,,spotify:track:6qAcApH8obo8eqatCKUHd9,https://i.scdn.co/image/ab67616d0000b273dc2bacae1dca83d26e2b1949
1,,"Eh for effort","Sasha Mariana",Santeria,Sublime,20,3,"",93,7,76,"on file",90.7,E,major,195.54,ska,ska|reggae|90s|rock|sublime,spotify:track:2hnMS47jN0etwvFPzYk11f,https://i.scdn.co/image/ab67616d0000b2738fc4b0dcfb9509553f195c85
1,,"Hit then quit it",Kristin,"Baby Got Back","Sir Mix-A-Lot",19,3,"",65,35,39,"on file",127.8,G,minor,253.35,Hip-Hop,"Hip-Hop|rap|90s|hip hop|old school",spotify:track:1SAkL1mYNJlaqnBQxVZrRl,
1,,"I like big butts and a can of limes",margs,"Blank Space","Taylor Swift",19,1,yes,98,2,53,"on file",95.3,D,minor,272.43,pop,"pop|love at first listen|2014|female vocalists|best of 2014",spotify:track:1u8c2t2Cy7UBoG4ArRcF5g,
1,,"Turn that Sh!# down!",lorimariani,"Dancing In the Dark","Bruce Springsteen",18,2,"",85,15,40,"on file",74.0,B,major,238.32,rock,"rock|80s|classic rock|Bruce Springsteen|pop",spotify:track:7FwBtcecmlpc1sLySPXeGE,
1,,"Most likely to....",lorimariani,"Sultans of Swing","Dire Straits",18,4,"",95,5,46,"on file",74.0,F,major,266.45,"classic rock","classic rock|rock|80s|dire straits|guitar",spotify:track:6cr6UDpkjEaMQ80OjWqEBQ,
1,,"Dance IF nobody's watching.",missmara,Starboy,"The Weeknd, Daft Punk",17,4,"",35,65,99,"on file",125.0,A,minor,273.26,,,spotify:track:7MXVkk9YMctZqd1Srtv4MB,
1,,"Movie Stars",lorimariani,"Don't You (Forget About Me)","Simple Minds",17,4,"",80,20,37,"on file",112.5,A,major,262.72,80s,"80s|new wave|pop|rock|pop rock",spotify:track:6yEAAIEHu4GcUFptg5W9kI,
1,,"Finding Emos",missmara,"Teenage Dirtbag",Wheatus,17,2,"",91,9,16,"on file",95.3,E,major,246.82,rock,"rock|alternative|alternative rock|90s|pop",spotify:track:25FTMokYEbEWHEdss5JLZS,
1,,"Finding Emos",gregamariani,"Hands Down","Dashboard Confessional",17,2,"",71,29,42,"on file",93.8,D#,major,191.25,,,spotify:track:3Gd6RkNpDERm3rVm9xk2BZ,
1,,"Finding Emos",mmariani13,"I Write Sins Not Tragedies","Panic! At The Disco",17,2,"",96,4,74,"on file",85.2,A,minor,185.45,rock,"rock|alternative|emo|indie|PANIC AT THE DISCO",spotify:track:4bPQs0PHn4xbipzdPfn6du,
1,,"I like big butts and a can of limes",missmara,"Tiny Dancer","Elton John",17,2,"",83,17,49,"on file",72.1,C,major,406.55,"classic rock","classic rock|70s|piano|pop|rock",spotify:track:2TVxnKdb3tqe1nhQWwwZCO,
1,,"I like big butts and a can of limes",Mashew,"Purple Haze","Jimi Hendrix",16,3,"",84,16,60,"on file",110.3,E,minor,172.35,"classic rock","classic rock|rock|psychedelic|60s|guitar",spotify:track:0wJoRiX5K5BxlqZTolB2LD,
1,,"I like big butts and a can of limes",Kristin,"Smells Like Teen Spirit",Nirvana,16,3,"",99,1,68,"on file",117.2,F,minor,278.35,Grunge,Grunge|rock|alternative|90s|Nirvana,spotify:track:5ghIJDpPoe3CfHMGu71E6T,
1,,"I like big butts and a can of limes",jellydru,BIRDBRAIN,"Jamie Paige, OK Glass",16,3,"",15,85,65,"on file",80.4,D,major,255.59,,,spotify:track:2DAZakhs7RRCoM6pvLpUEz,
1,,"Nada de ingles",gregamariani,"Ven Conmigo (Solamente Tú)","Christina Aguilera",16,3,"",31,69,39,"on file",119.7,C,minor,191.77,,,spotify:track:2PYJnUWEPPP8C6b79UiwIl,
1,,"Finding Emos",Mashew,"The Suffering","Coheed and Cambria",15,5,"",57,43,13,"on file",78.1,B,major,230.87,,,spotify:track:4dcUque6026WExzwJYWG7H,
1,,"Turn that Sh!# down!",gregamariani,"Calming Water Soundscapes","The Slumbering One",15,3,"",13,87,1,instrumental,125.0,F,minor,64.0,,,spotify:track:1oT7twcAoXD7cC7e9yhCQs,
1,,"Turn that Sh!# down!",missmara,"Space Oddity - 1999 Remaster","David Bowie",15,3,"",73,27,32,"on file",70.3,E,minor,316.33,,,spotify:track:22yy03IdKXGRUFMQX8EfBv,
1,,"Turn that Sh!# down!",Kristin,"Drunk in Love (feat. JAY-Z)","Beyoncé, JAŸ-Z",15,3,"",12,88,60,"on file",70.3,A#,minor,381.52,,,spotify:track:6jG2YzhxptolDzLHTGLt7S,
1,,"Movie Stars",mmariani13,"You Never Can Tell","Chuck Berry",14,5,"",66,34,42,"on file",79.2,G,major,163.97,,,spotify:track:7p6ZGUXjUe0ctAu5RNnghu,
1,,"Hit then quit it","Sasha Mariana","Blurred Lines","Robin Thicke, T.I., Pharrell Williams",14,4,"",17,83,32,"on file",119.7,D,minor,271.8,,,spotify:track:0n4bITAu0Y0nigrz3MFJMb,
1,,"Turn that Sh!# down!",jellydru,"Flight of the Crows",Jhariah,14,6,"",50,50,61,"on file",130.8,F,minor,172.51,,,spotify:track:2SgpLPEfLGWDMkCT9nFAO6,
1,,"Turn that Sh!# down!",mmariani13,"Good Riddance (Time of Your Life)","Green Day",14,6,"",88,12,45,"on file",125.0,G,major,151.29,acoustic,"acoustic|rock|punk rock|punk|green day",spotify:track:6ORqU0bHbVCRjXm9AjyHyZ,
1,,"Nada de ingles","Sasha Mariana","La Vie en rose","Édith Piaf",14,4,"",58,42,30,"on file",74.0,C,minor,187.31,,,spotify:track:3lAun9V0YdTlCSIEXPvfsY,
1,,"I like big butts and a can of limes",lorimariani,"Losing My Religion",R.E.M.,13,6,"",96,4,12,"on file",125.0,A,minor,293.96,rock,"rock|90s|alternative rock|alternative|REM",spotify:track:31AOj9sFz2gM0O3hMARRBx,
1,,"Nada de ingles",Kristin,"Gangnam Style (강남스타일)",PSY,13,5,"",34,66,92,"on file",130.8,G#,minor,252.22,,,spotify:track:03UrZgTINDqvnUMbbIMhql,
1,,"Nada de ingles",missmara,"Ca Plane Pour Moi","Plastic Bertrand",13,5,"",35,65,27,"on file",82.7,A#,major,174.01,,,spotify:track:4sf4Lq52b2iCoAgpge7a9g,
1,,"Eh for effort",mmariani13,"Born to Run","Bruce Springsteen",13,4,"",78,22,43,"on file",72.1,E,major,333.01,rock,"rock|classic rock|70s|singer-songwriter|Bruce Springsteen",spotify:track:6hTcuIQa0sxrrByu9wTD7s,https://i.scdn.co/image/ab67616d0000b2738c5b6f7dcdc5817dc5050b2a
1,,"Dance IF nobody's watching.","Sasha Mariana","Moves Like Jagger - Studio Recording From ""The Voice"" Performance","Maroon 5, Christina Aguilera",12,5,"",5,95,86,"on file",127.8,A,major,202.03,,,spotify:track:7LcfRTgAVTs5pQGEQgUEzN,
1,,"Hit then quit it",margs,"Call Me Maybe","Carly Rae Jepsen",12,5,"",95,5,33,"on file",119.7,G,major,199.4,pop,"pop|dance|female vocalists|Canadian|Carly Rae Jepsen",spotify:track:3TGRqZ0a2l1LRblBkJoaDx,
1,,"Finding Emos",Kristin,"Welcome to the Black Parade","My Chemical Romance",12,6,"",97,3,61,"on file",97.0,D,major,314.7,rock,"rock|alternative|punk rock|emo|punk",spotify:track:5wQnmLuC1W7ATsArWACrgW,
1,,"Nada de ingles",Mashew,Abissama,"Incredible Polo",12,7,"",19,81,50,"on file",110.3,E,major,1570.24,,,spotify:track:2mNmKVBJ1U1nuPFJ5VGjCl,
1,,"Dance IF nobody's watching.",Mashew,Hideaway,Kiesza,11,6,"",65,35,31,"on file",122.3,C,minor,274.74,,,spotify:track:0c6xIDDpzE81m2q797ordA,
1,,"Most likely to....",Kristin,Iris,"The Goo Goo Dolls",11,5,"",82,18,42,"on file",78.1,G,major,215.55,,,spotify:track:6Qyc6fS4DsZjB2mRW9DsQs,
1,,"Movie Stars",margs,"My Heart Will Go On - Love Theme from ""Titanic""","Céline Dion",10,6,"",58,42,35,"on file",98.7,E,major,283.09,,,spotify:track:33LC84JgLvK2KuW43MfaNq,
1,,"Movie Stars",gregamariani,Magic,Pilot,10,6,"",47,53,27,"on file",102.3,G,major,184.99,,,spotify:track:500h8jAdr7LvzzXlm1qxtK,
1,,"Hit then quit it",gregamariani,"That Thing You Do!","The Wonders",10,6,"",38,62,72,"on file",133.9,E,major,168.3,,,spotify:track:4O6ZaZrRCFfiZZKjnrXqlk,
1,,"Turn that Sh!# down!",margs,"Baby Got Back","Sir Mix-A-Lot",10,8,"",65,35,39,"on file",127.8,G,minor,253.35,Hip-Hop,"Hip-Hop|rap|90s|hip hop|old school",spotify:track:1SAkL1mYNJlaqnBQxVZrRl,
1,,"Turn that Sh!# down!","Sasha Mariana","A Bar Song (Tipsy)",Shaboozey,10,8,"",76,24,76,"on file",81.5,A,major,173.3,country,"country|country rap|my top songs|pop|american",spotify:track:2FQrifJ1N335Ljm3TjTVVf,
1,,"Most likely to....",jellydru,Femininomenon,"Chappell Roan",10,6,"",95,5,75,"on file",125.0,D#,major,225.36,pop,"pop|electropop|Slay|synthpop|hit it like Rom pom pom pom",spotify:track:11A0lCLTCw1pLyuPqYMoxX,
1,,"Eh for effort",lorimariani,"The Low Spark Of High-Heeled Boys",Traffic,10,5,"",27,73,,"on file",,,,,,,spotify:track:1yW6y8RufwB4WEAQeip0tx,https://i.scdn.co/image/ab67616d0000b27335f303dac15ef3f9d3a48d00
1,,"Eh for effort",margs,"Love On Top","Beyoncé",10,5,"",84,16,59,"on file",93.8,C,major,196.32,soul,"soul|rnb|pop|beyonce|female vocalists",spotify:track:1z6WtY7X4HQJvzxC4UgkSf,https://i.scdn.co/image/ab67616d0000b273ff5429125128b43572dbdccd
1,,"Dance IF nobody's watching.",jellydru,"Thnks fr th Mmrs","Fall Out Boy",9,7,"",94,6,61,"on file",78.1,A#,minor,253.01,rock,"rock|pop punk|alternative|punk rock|emo",spotify:track:3Zwu2K0Qa5sT6teCCHPShP,
1,,"Hit then quit it",mmariani13,"Brimful of Asha",Cornershop,9,7,"",45,55,13,"on file",110.3,A,major,253.55,,,spotify:track:1t6tQ0ETeOIDl5cscjEC55,
1,,"Most likely to....",gregamariani,"Graduation March","Holiday Celebration Troupe",9,7,"",10,90,25,instrumental,74.0,G,major,206.29,,,spotify:track:1uaFfBstndFSw4vntlb1k7,
1,,"Hit then quit it",lorimariani,"The Reason",Hoobastank,8,8,"",92,8,86,"on file",82.7,E,major,250.51,rock,"rock|alternative rock|alternative|hoobastank|pop",spotify:track:58AwxWLaRHn2lTqqH9dLkU,
1,,"Finding Emos","Sasha Mariana","In Too Deep","Sum 41",8,7,"",87,13,75,"on file",117.2,E,major,220.1,"punk rock","punk rock|rock|pop punk|punk|sum 41",spotify:track:1HNE2PX70ztbEl6MLxrpNL,
1,,"Finding Emos",lorimariani,"Dirty Little Secret","The All-American Rejects",8,7,"",90,10,86,"on file",72.1,A#,major,193.32,rock,"rock|pop punk|alternative|punk|alternative rock",spotify:track:5lDriBxJd22IhOH9zTcFrV,
1,,"Most likely to....",missmara,"Taper Jean Girl","Kings of Leon",8,8,"",60,40,73,"on file",125.0,E,major,185.28,,,spotify:track:6kUktzISXJLuUurOFhc2Ms,
1,,"Dance IF nobody's watching.",lorimariani,"Just a Friend","Biz Markie",7,8,"",55,45,28,"on file",85.2,C,minor,279.32,,,spotify:track:3yNVfRQlUPViUh8O2V9SQn,
1,,"Dance IF nobody's watching.",mmariani13,"Blah Blah Blah (feat. 3OH!3)","Kesha, 3OH!3",7,8,"",17,83,60,"on file",119.7,D,minor,203.64,,,spotify:track:7lWUJpax919G4JdaFEVmCy,
1,,"Movie Stars",missmara,"Where Is My Mind?",Pixies,7,8,"",93,7,28,"on file",80.4,E,major,229.66,alternative,"alternative|rock|alternative rock|indie|indie rock",spotify:track:0KzAbK6nItSqNh8q70tb0K,
1,,"I like big butts and a can of limes",mmariani13,"It's Gonna Be Me",*NSYNC,7,7,"",66,34,34,"on file",82.7,F,major,204.13,pop,"pop|90s|boy band|dance|nsync",spotify:track:2AW37v0bDyuOzGP3XnmFuA,
1,,"Eh for effort",jellydru,Cannibal,"Tally Hall",7,7,"",57,43,73,"on file",78.1,D,major,208.29,,,spotify:track:3rM10JnYLTVRFBqzMe9Q6Q,https://i.scdn.co/image/ab67616d0000b27325a5a1ed28871e8e53e62d59
1,,"Movie Stars",Mashew,"Belleville rendez-vous - Version française",-M-,6,9,"",14,86,36,"on file",81.5,A,minor,125.78,,,spotify:track:19UacICIUpQyCSaqqUbhsU,
1,,"Hit then quit it",jellydru,"Lone Digger","Caravan Palace",6,9,"",68,32,73,"on file",125.0,F,minor,170.04,"electro swing","electro swing|electro-swing|swing|dance|furry",spotify:track:0thLhIqWsqqycEqFONOyhu,
1,,"Nada de ingles",jellydru,"Немое кино",Grad!ent,6,8,"",19,81,87,"on file",125.0,A#,minor,216.07,,,spotify:track:1lBOIouZlyCvGPTtDF5p5d,
1,,"Most likely to....",margs,"Graduation (Friends Forever)","Vitamin C",5,9,"",35,65,31,"on file",80.4,G,major,282.78,,,spotify:track:45V4Mk7vZV2b9JfSWuUX9m,
1,,"Nada de ingles",mmariani13,Faufile,"Charlotte Cardin",4,9,"",20,80,40,"on file",76.0,E,minor,152.9,,,spotify:track:3pgnyg25pkcNlcKuaKnh6b,
1,,"I like big butts and a can of limes","Sasha Mariana","Big Ship","Freddie McGregor",1,8,"",28,72,60,"on file",70.3,C,major,199.16,,,spotify:track:6HpjJaxJki9ubKp4aXow8b,
2,,"Easy as 1, 2, 3",lorimariani,"1979 - Remastered 2012","The Smashing Pumpkins",32,1,yes,93,7,52,"on file",127.8,D#,major,261.27,,,spotify:track:5QLHGv0DfpeXLNFo7SFEy1,
2,,Primetime,Ronm,"Going to California - Remaster","Led Zeppelin",30,1,yes,69,31,26,"on file",78.1,D,major,212.14,,,spotify:track:70gbuMqwNBE2Y5rkQJE9By,
2,,"Geography Discography",lorimariani,"California Love - Original Version","2Pac, Roger, Dr. Dre",30,1,yes,20,80,79,"on file",90.7,G,minor,285.03,,,spotify:track:3ia3dJETSOllPsv3LJkE35,
2,,"Easy as 1, 2, 3",missmara,"Song 2 - 2012 Remaster",Blur,29,2,"",90,10,62,"on file",130.8,C,minor,121.51,rock,rock|britpop|90s|alternative|indie,spotify:track:1FTSo4v6BOZH9QxKc3MbVM,
2,,Primetime,lorimariani,"Don't Stop Believin'",Journey,28,2,"",89,11,66,"on file",125.0,E,major,251.59,"classic rock","classic rock|80s|rock|journey|scrubs",spotify:track:77NNZQSqzLNqh2A9JhLRkg,
2,,"Copy, Right?",lorimariani,"Killing Me Softly with His Song","Fugees, Ms. Lauryn Hill",28,1,yes,21,79,32,"on file",93.8,A,minor,253.92,,,spotify:track:0EKow7JeCxHtweqQyVy5ko,
2,,"Easy as 1, 2, 3",mmariani13,"2000 Light Years Away","Green Day",26,3,"",49,51,83,"on file",92.2,F,major,145.15,,,spotify:track:6pM25DLzJb5oWj74d3ElXI,
2,,Speechless,lorimariani,"Breezin'","George Benson",26,1,yes,44,56,47,instrumental,80.4,D,major,341.73,,,spotify:track:1m3BAsNsQAaSNMD2M6vlKY,
2,,"Any from the block",Mashew,"Bidi Bidi Bom Bom",Selena,26,1,yes,44,56,97,"on file",89.3,A#,major,206.4,,,spotify:track:0o9Vr0BGIQPh32staLHcuU,
2,,"Copy, Right?",Ronm,Hurt,"Johnny Cash",26,2,"",91,9,47,"on file",92.2,C,major,228.35,country,country|acoustic|cover|sad|folk,spotify:track:28cnXtME493VX9NOw9cIUh,
2,,"Just My Hype",mmariani13,Bullion,Millencolin,25,1,yes,37,63,56,"on file",76.0,D,major,120.06,,,spotify:track:5HYdtUpSLQHXfrCGlK5nPu,https://i.scdn.co/image/ab67616d0000b27382fbc86ae0d1d4a5eb588a2d
2,,"Just My Hype",gregamariani,Mother,Danzig,25,1,yes,77,23,39,"on file",76.0,B,minor,204.87,"hard rock","hard rock|heavy metal|metal|rock|DANZIG",spotify:track:7txxAtOMwLLnQTpKeBL6bp,https://i.scdn.co/image/ab67616d0000b273bc8d8db760af7b9d0c91747f
2,,"Let's Get it Started",Ronm,"Fortunate Son","Creedence Clearwater Revival",24,1,yes,94,6,56,"on file",133.9,G,major,137.02,"classic rock","classic rock|rock|60s|Southern Rock|political",spotify:track:4BP3uh0hFLFRb5cjsgLqDh,
2,,"Shred Dead Redemption",missmara,"Come Out and Play","The Offspring",23,1,yes,75,25,78,"on file",80.4,B,minor,194.84,"punk rock","punk rock|punk|90s|rock|alternative",spotify:track:5JJDu0Z5DKe7mR31MGksSg,
2,,"Just My Hype",lorimariani,"Lose Yourself",Eminem,23,3,"",90,10,36,"on file",85.2,D,major,327.51,rap,"rap|Hip-Hop|Eminem|Soundtrack|hip hop",spotify:track:5Z01UMMf7V1o0MzF86s6WJ,https://i.scdn.co/image/ab67616d0000b273eab40fc794b88b9d1e012578
2,,"Easy as 1, 2, 3",gregamariani,"99 Luftballons",Nena,22,4,"",78,22,21,"on file",95.3,E,major,234.16,80s,"80s|german|pop|new wave|deutsch",spotify:track:2IJftBfq7pJ43tfnOR0RB3,
2,,"Geography Discography",Mashew,"I'm Shipping Up To Boston","Dropkick Murphys",22,2,"",74,26,72,"on file",130.8,E,minor,164.8,,,spotify:track:7rSERmjAT38lC5QhJ8hnQc,
2,,Speechless,Mashew,Undertale,"Toby Fox",22,2,"",51,49,47,instrumental,102.3,D#,major,385.88,,,spotify:track:2FZ99j224ohiGLavqjijza,
2,,Speechless,"Sasha Mariana","Lost Woods (From ""Legend of Zelda: Ocarina of Time"")","Koji Kondo, OST Remastered",22,2,"",3,97,31,instrumental,70.3,E,minor,201.47,,,spotify:track:7qQlZvDKyqZKsjLdiezLju,
2,,Primetime,gregamariani,"With A Little Help From My Friends - Remastered 2009","The Beatles",21,3,"",69,31,42,"on file",112.5,E,major,164.11,,,spotify:track:2RnPATK99oGOZygnD2GTO6,
2,,"Any from the block",mmariani13,"Gold Digger","Kanye West, Jamie Foxx",21,2,"",93,7,41,"on file",92.2,G,minor,221.02,Hip-Hop,"Hip-Hop|rap|Kanye West|hip hop|pop",spotify:track:1PS1QMdUqOal0ai3Gt7sDQ,
2,,"Any from the block",missmara,Criminal,"Fiona Apple",21,2,"",81,19,72,"on file",89.3,C,minor,263.57,"female vocalists","female vocalists|alternative|90s|singer-songwriter|piano",spotify:track:6PNvv1dmDbOWrAYwEcuKBX,
2,,"Copy, Right?",mmariani13,Hallelujah,"Jeff Buckley",21,3,"",88,12,25,"on file",85.2,C#,major,393.74,beautiful,beautiful|cover|acoustic|singer-songwriter|rock,spotify:track:3pRaLNL3b8x5uBOcsgvdqM,
2,,"Copy, Right?","Sasha Mariana","I Will Survive",CAKE,21,3,"",65,35,46,"on file",97.0,E,minor,246.92,,,spotify:track:4THrHKyBL0yaDDw9yg37Zk,
2,,Primetime,margs,"Running Up That Hill (A Deal With God)","Kate Bush",20,4,"",95,5,42,"on file",108.2,C,minor,295.88,80s,"80s|female vocalists|pop|alternative|Kate Bush",spotify:track:1PtQJZVZIdWIYdARpZRDFO,
2,,"The Side Quest",Kristin,"Hunger Strike","Temple Of The Dog",20,1,yes,68,32,68,"on file",137.2,G,major,243.54,Grunge,"Grunge|90s|rock|Temple of the Dog|seattle",spotify:track:0W7AbEauB7cP4pidLclApe,
2,,"Let's Get it Started",Kristin,"Crazy Train","Ozzy Osbourne",20,2,"",86,14,69,"on file",137.2,A,major,226.24,"heavy metal","heavy metal|hard rock|metal|classic rock|rock",spotify:track:7ACxUo21jtTHzy7ZEV56vU,
2,,"Just My Hype","Sasha Mariana","Enter Sandman (Remastered)",Metallica,20,4,"",94,6,53,"on file",125.0,E,major,331.56,,,spotify:track:3VqHuw0wFlIHcIPWkhIbdQ,https://i.scdn.co/image/ab67616d0000b2731f9edf15e43f4c2f4938b869
2,,"Just My Hype",margs,"Yeah! (feat. Lil Jon & Ludacris)","USHER, Lil Jon, Ludacris",20,4,"",22,78,59,"on file",104.2,E,minor,252.92,,,spotify:track:5rb9QrpfcKFHM1EUbSIurX,https://i.scdn.co/image/ab67616d0000b273365b3fb800c19f7ff72602da
2,,"Easy as 1, 2, 3",Ronm,"Funk #49","James Gang",19,5,"",41,59,34,"on file",90.7,A,major,223.86,,,spotify:track:5h6SovHOYpIMlAkafxcbq3,
2,,"The Side Quest",Ronm,"End Of The Line","Traveling Wilburys",19,2,"",51,49,64,"on file",84.0,D,major,204.88,,,spotify:track:4HA2jo7wkMdN1lmLO6ryzE,
2,,"Shred Dead Redemption",lorimariani,"Free Bird","Lynyrd Skynyrd",19,2,"",88,12,62,"on file",76.0,G,major,547.68,"classic rock","classic rock|Southern Rock|70s|rock|lynyrd skynyrd",spotify:track:5EWPGh7jbTNO2wakv8LjUI,
2,,Speechless,missmara,"BATTLE WITHOUT HONOR OR HUMANITY",HOTEI,19,4,"",34,66,90,"on file",95.3,E,major,149.52,,,spotify:track:0PH3OkM1QnIyb44VhFVbca,
2,,"Any from the block",lorimariani,"Love Don't Cost a Thing","Jennifer Lopez",19,4,"",56,44,34,"on file",97.0,E,minor,308.31,,,spotify:track:1fgvJXlcZ7uIddMpqsqw0L,
2,,"The Side Quest",mmariani13,"River Of Deceit","Mad Season",18,3,"",54,46,23,"on file",89.3,G,major,303.18,,,spotify:track:3e2fDgC93LGc9Lbdvr6I9k,
2,,"The Side Quest",margs,"Dark Blue","Jack's Mannequin",18,3,"",60,40,52,"on file",80.4,D#,major,248.63,,,spotify:track:2XFOuxF5xUZ00RaVfaIdw2,
2,,"Geography Discography",gregamariani,"Beverly Hills",Weezer,18,3,"",79,21,70,"on file",87.9,F,major,242.21,"alternative rock","alternative rock|rock|alternative|weezer|indie",spotify:track:1yKu2MhpwzDXXH2tzG6xoa,
2,,"Shred Dead Redemption",jellydru,"(Don't Fear) The Reaper","Blue Öyster Cult",18,3,"",87,13,47,"on file",70.3,G,major,308.93,"classic rock","classic rock|rock|70s|hard rock|cowbell",spotify:track:5QTxFnGygVM4jFQiBovmRo,
2,,"Any from the block",margs,"I'm Real (feat. Ja Rule) - Murder Remix","Jennifer Lopez, Ja Rule",18,5,"",8,92,58,"on file",84.0,B,minor,245.79,,,spotify:track:6MLsahMK3VvH9NUwXOktdS,
2,,"Copy, Right?",missmara,"Lake Of Fire - Live",Nirvana,18,5,"",69,31,36,"on file",72.1,F#,major,240.92,,,spotify:track:4UJmPSJsBsIR1U0N79BU1g,
2,,"Let's Get it Started",gregamariani,"Can't Stop","Red Hot Chili Peppers",18,3,"",97,3,46,"on file",90.7,E,minor,277.95,rock,"rock|alternative rock|funk|alternative|Red Hot Chili Peppers",spotify:track:4BcS4LomxUnQpzx4hCaJTs,
2,,Primetime,"Sasha Mariana","Ain't Got Rhythm","Phineas, Sherman",17,5,"",6,94,35,"on file",95.3,E,minor,169.89,,,spotify:track:41vXrvl9HIfUpijbIgi5R6,
2,,"The Side Quest",Mashew,"Sweet Avenue","Jets To Brazil",17,5,"",37,63,60,"on file",87.9,E,major,314.67,,,spotify:track:5MtYwSungnCDRopSOVlzFh,
2,,"Geography Discography",mmariani13,"Frances Farmer Will Have Her Revenge On Seattle",Nirvana,17,4,"",71,29,52,"on file",119.7,A#,minor,251.61,,,spotify:track:06B04lID9HGPwPWwBkTQfU,
2,,"Geography Discography","Sasha Mariana",Africa,TOTO,17,4,"",94,6,53,"on file",92.2,C#,minor,271.36,80s,"80s|classic rock|rock|soft rock|pop",spotify:track:2374M0fQpWi3dLnB54qaLX,
2,,"Shred Dead Redemption",Ronm,"Smoke on the Water","Deep Purple",17,4,"",77,23,61,"on file",114.8,G,minor,374.53,,,spotify:track:5SAUIWdZ04OxYfJFDchC7S,
2,,"The Side Quest",missmara,"Osaka Loop Line",Discovery,16,6,"",43,57,88,"on file",78.1,C#,minor,241.73,,,spotify:track:5FhR3iMNhjkDDJYvS6e2wP,
2,,"The Side Quest",lorimariani,Everlong,"Foo Fighters",16,6,"",99,1,81,"on file",79.2,B,minor,291.26,rock,"rock|alternative rock|90s|alternative|foo fighters",spotify:track:5UWwZ5lm5PKu6eKsHAGxOk,
2,,"The Side Quest",gregamariani,"I Feel So","Box Car Racer",16,6,"",52,48,83,"on file",72.1,E,minor,211.48,,,spotify:track:1Igy3egsujfV4WphlW0B7K,
2,,"Shred Dead Redemption","Sasha Mariana","Smells Like Teen Spirit",Nirvana,16,5,"",99,1,68,"on file",117.2,F,minor,278.35,Grunge,Grunge|rock|alternative|90s|Nirvana,spotify:track:5ghIJDpPoe3CfHMGu71E6T,
2,,Speechless,gregamariani,"Linus And Lucy","Vince Guaraldi Trio",16,5,"",53,47,16,instrumental,82.7,G#,major,184.42,,,spotify:track:5N96qwzTDhbf2y6FWAVz4c,
2,,Primetime,mmariani13,"Hide and Seek","Imogen Heap",15,6,"",86,14,35,"on file",125.0,A,major,265.87,,,spotify:track:2Ac0Zn3FYbXjdjEsIpWThz,
2,,"Geography Discography",Ronm,"Me and Bobby McGee","Janis Joplin",15,6,"",66,34,37,"on file",93.8,A,major,270.5,,,spotify:track:1IqFh00G2kvvMm8pRMpehA,
2,,Speechless,Ronm,Jessica,"Allman Brothers Band",15,6,"",47,53,34,instrumental,110.3,A,major,354.75,,,spotify:track:2tVQhBSJ1SQtb4gX0taaiR,
2,,"Any from the block",Kristin,"Waiting for Tonight","Jennifer Lopez",15,6,"",56,44,16,"on file",125.0,F,minor,249.79,,,spotify:track:5yaCquc7koPqtgj7v0lwHX,
2,,Primetime,missmara,"Rebel Gene","Thomas Mudrick",14,7,"",7,93,59,instrumental,130.8,E,major,251.0,,,spotify:track:0coiC3yiiQVSqbGBNzNgkr,
2,,"Geography Discography",missmara,Cayucos,Cayucas,14,7,"",33,67,46,"on file",89.3,C,major,234.9,,,spotify:track:5VUe6B0429dz4a4yysYZS1,
2,,Speechless,margs,"Theme From Jurassic Park","John Williams",14,7,"",42,58,16,instrumental,106.1,A#,major,207.43,,,spotify:track:2TZbQZXOuR8osP2AK8yYMN,
2,,"Let's Get it Started",margs,"Piano Man","Billy Joel",14,4,"",90,10,31,"on file",87.9,C,major,341.6,"classic rock","classic rock|piano|singer-songwriter|billy joel|rock",spotify:track:70C4NyhjD5OZUMzvWZ3njJ,
2,,"Easy as 1, 2, 3",margs,22,"Taylor Swift",13,6,"",81,19,32,"on file",104.2,G,major,243.0,pop,"pop|country|taylor swift|love at first listen|female vocalists",spotify:track:3bIxTsfeNMO7Nt2J3EUKrA,
2,,"Easy as 1, 2, 3","Sasha Mariana",505,"Arctic Monkeys",13,6,"",100,0,75,"on file",70.3,E,minor,251.81,"indie rock","indie rock|indie|british|rock|alternative",spotify:track:58ge6dfP91o9oXMzq3XkIS,
2,,"The Side Quest","Sasha Mariana","Black Swan","Thom Yorke",13,9,"",71,29,83,"on file",100.4,D,minor,289.83,,,spotify:track:3R7bfoEKPkxaukeC3ZSn4o,
2,,"Geography Discography",Kristin,"Empire State Of Mind","JAŸ-Z, Alicia Keys",13,8,"",10,90,47,"on file",86.5,F#,major,281.83,,,spotify:track:2igwFfvr1OAGX9SKDCPBwO,
2,,"Shred Dead Redemption",margs,"Sweet Child O' Mine","Guns N' Roses",13,6,"",96,4,25,"on file",125.0,C#,major,302.94,rock,"rock|hard rock|classic rock|80s|Guns N Roses",spotify:track:7snQQk1zcKl8gZ92AnueZW,
2,,Speechless,Kristin,"The Pink Panther Theme - From ""The Pink Panther""","Henry Mancini, Plas Johnson",13,8,"",3,97,45,instrumental,117.2,E,minor,189.65,,,spotify:track:0juPSJLFnLFim7BK6VzTes,
2,,"Just My Hype",Mashew,Chanbara,"At the Drive-In",13,6,"",40,60,54,"on file",80.4,A,minor,179.29,,,spotify:track:5Gh7uZTnZx3bpCyGaY7wpt,https://i.scdn.co/image/ab67616d0000b273954d7d6eed7c448770453a39
2,,"Geography Discography",jellydru,"Naked In Manhattan","Chappell Roan",12,9,"",91,9,77,"on file",117.2,C#,major,213.67,pop,"pop|queer|electropop|electronic|synth pop",spotify:track:3y4W93JOKprkNgdnTaDvTF,
2,,"Geography Discography",margs,Vienna,"Billy Joel",12,9,"",94,6,38,"on file",125.0,A#,major,216.21,"classic rock","classic rock|piano|singer-songwriter|pop|billy joel",spotify:track:4U45aEWtQhrm8A5mxPaFZ7,
2,,"Shred Dead Redemption",mmariani13,"Chop Suey!","System Of A Down",12,7,"",99,1,51,"on file",130.8,G,minor,208.63,"alternative metal","alternative metal|metal|rock|System of a Down|alternative",spotify:track:2DlHlPMa4M17kufBvI2lEN,
2,,"Shred Dead Redemption",Mashew,"Vasoline - 2019 Remaster","Stone Temple Pilots",12,7,"",54,46,63,"on file",85.2,G,minor,178.03,,,spotify:track:4fjsOdrWMaKf70x21h5XbX,
2,,"Shred Dead Redemption",Kristin,Barracuda,Heart,12,7,"",79,21,32,"on file",137.2,E,minor,263.5,"classic rock","classic rock|rock|70s|female vocalists|hard rock",spotify:track:4KfSdst7rW39C0sfhArdrz,
2,,Speechless,mmariani13,"Star Spangled Banner - Live at The Woodstock Music & Art Fair, August 18, 1969","Jimi Hendrix",12,9,"",31,69,100,"on file",119.7,G#,minor,243.45,,,spotify:track:5nJ9WqiiVz9Rz6a2xLhHlZ,
2,,"Copy, Right?",margs,"I Wanna Dance With Somebody (Live)","Ben Rector",12,6,"",8,92,39,"on file",114.8,B,major,188.29,,,spotify:track:6JuPPW11wSDBELUZ9CSHu1,
2,,"Let's Get it Started",lorimariani,"Sweet Child O' Mine","Guns N' Roses",12,5,"",96,4,25,"on file",125.0,C#,major,302.94,rock,"rock|hard rock|classic rock|80s|Guns N Roses",spotify:track:7snQQk1zcKl8gZ92AnueZW,
2,,"Just My Hype",missmara,"Leaving The Light","Genesis Owusu",12,7,"",32,68,86,"on file",86.5,C,major,187.88,,,spotify:track:35nOLWeyoXbZvhcczCzQit,https://i.scdn.co/image/ab67616d0000b273b79995bb1505e8e4f5efae7e
2,,"Shred Dead Redemption",gregamariani,"Knights of Cydonia",Muse,11,10,"",92,8,55,"on file",137.2,E,minor,365.12,"alternative rock","alternative rock|rock|epic|alternative|Muse",spotify:track:7ouMYWpwJ422jRcDASZB7P,
2,,"Any from the block",Ronm,"Angel Eyes","Tamara Walker",11,7,"",5,95,64,instrumental,90.7,G,major,221.88,,,spotify:track:1Tim3HlIUPKjpSePxxfTYB,
2,,"Any from the block","Sasha Mariana","Jenny from the Block (feat. Jadakiss & Styles P.) - Track Masters Remix","Jennifer Lopez, Jadakiss, Styles P",11,7,"",13,87,43,"on file",100.4,G#,minor,229.16,,,spotify:track:4ZOyH6KjomjlqCz3oFqglr,
2,,"Any from the block",gregamariani,"Sway - From ""Shall We Dance""","Movie Sounds Unlimited",11,7,"",4,96,43,instrumental,125.0,F,minor,198.37,,,spotify:track:7ipoen14ur2ThMyvYyPjWz,
2,,Primetime,Mashew,"Hockey Monkey","The Zambonis, James Kochalka",10,8,"",0,100,41,instrumental,76.0,E,major,100.43,,,spotify:track:2lkQ0RO3LVX2L4g4wz5fSO,
2,,Primetime,jellydru,"Great at Crime","OR3O, The Musical Ghost",10,8,"",2,98,44,"on file",90.7,D#,major,65.0,,,spotify:track:1vkgVKTsovqLrC4ZHREqXh,
2,,"Copy, Right?",Mashew,"Me and Julio Down by the Schoolyard","Me First and the Gimme Gimmes",10,7,"",19,81,74,"on file",110.3,A,major,161.36,,,spotify:track:0KGr1YuoGsLL1mZV0DK8go,
2,,"Let's Get it Started",mmariani13,"Let's Go Crazy",Prince,10,6,"",58,42,43,"on file",98.7,E,major,243.41,,,spotify:track:6FMIVQPZg9cmMY8hPxAacD,
2,,"Copy, Right?",Kristin,"Nothing Compares 2 U - Live At SiriusXM/2015","Chris Cornell",9,8,"",32,68,44,"on file",117.2,G,major,315.11,,,spotify:track:0tUELgOuOJ3KCsYMDDsNvD,
2,,"Let's Get it Started",Mashew,"Feel the Pain","Dinosaur Jr.",9,7,"",58,42,25,"on file",133.9,C,major,278.65,,,spotify:track:6xUMt58RCX98m7g0KcMwAS,
2,,Speechless,jellydru,Twinklestar,"Snail's House",8,10,"",20,80,72,instrumental,117.2,C#,major,212.74,,,spotify:track:7lXPGJoT9sPDvlSur02LiE,
2,,"Let's Get it Started",missmara,"Shimmy Shimmy Ya","Ol' Dirty Bastard",8,8,"",60,40,86,"on file",95.3,B,minor,228.83,,,spotify:track:3ABG1UQTk0eLYUAeWkmfMi,
2,,"Just My Hype",jellydru,"Pinned My Dreams On A Shooting Star",Worthikids,7,8,"",21,79,100,"on file",76.0,D,major,199.82,,,spotify:track:7JnawDlUpjOYhxnZcUdGZ7,https://i.scdn.co/image/ab67616d0000b273db0b64cce73cc9ccd124aaac
2,,"Easy as 1, 2, 3",Kristin,"867-5309 / Jenny","Tommy Tutone",6,8,"",43,57,42,"on file",137.2,D,minor,232.23,,,spotify:track:6iX1f3r7oUJnMbGgQ2gx1j,
2,,"Copy, Right?",gregamariani,"Amish Paradise (Parody of ""Gangsta's Paradise"" by Coolio)","""Weird Al"" Yankovic",6,9,"",39,61,51,"on file",80.4,G#,major,205.21,,,spotify:track:5r96TaQquRrlo3Ym3ZlSL2,
2,,"Just My Hype",Ronm,"30 Days In The Hole","Humble Pie",6,9,"",30,70,100,"on file",119.7,E,major,233.23,,,spotify:track:3KG03fcha5gJBLyze9919W,https://i.scdn.co/image/ab67616d0000b2738dd34171843558c291df29fd
2,,Primetime,Kristin,"I'll Be There for You - Theme From ""Friends""","The Rembrandts",5,10,"",40,60,64,"on file",95.3,A,major,187.3,,,spotify:track:15tHagkk8z306XkyOHqiip,
2,,"Easy as 1, 2, 3",jellydru,"2econd-2ight-2eer (that was fun, goodbye.)","Will Wood",5,9,"",59,41,61,"on file",100.4,A#,major,243.72,,,spotify:track:4TscdmeSTKo5FOP8ZS6zP1,
2,,"Easy as 1, 2, 3",Mashew,"Solo Dolo Part II","Kid Cudi, Kendrick Lamar",5,9,"",8,92,82,"on file",108.2,A,minor,208.96,,,spotify:track:6IPZkjmCvqDY3RVCkRxr9r,
2,,"Let's Get it Started","Sasha Mariana",Just,Radiohead,4,9,"",97,3,24,"on file",87.9,F,minor,244.65,alternative,"alternative|alternative rock|rock|90s|radiohead",spotify:track:1dyTcli07c77mtQK3ahUZR,
2,,"Copy, Right?",jellydru,"Gimme! Gimme! Gimme! (A Man After Midnight)","Brian David Gilbert",2,10,"",24,76,53,"on file",117.2,C,minor,225.19,,,spotify:track:3JVd5QZkMVXN1oSjKYInAN,
2,,"Just My Hype",Kristin,Firestarter,"The Prodigy",2,10,"",74,26,19,"on file",70.3,F#,minor,225.13,electronic,"electronic|techno|industrial|big beat|electronica",spotify:track:1auX4gkGe7hbrOH0BXdpV4,https://i.scdn.co/image/ab67616d0000b2737bb4dd1d02346ec2321a41d6
3,,"Wild Thing",Mashew,"Blues Clues","Second Best",26,1,yes,3,97,7,instrumental,104.2,G,major,138.59,,,spotify:track:5OlQB1oPqxOhYLPBb18DaC,https://i.scdn.co/image/ab67616d0000b273b91b84cb929be6516bc64ce5
3,,"Must be love on the brain",Ronm,"Let's Stay Together","Al Green",19,1,yes,83,17,52,"on file",102.3,D,minor,199.97,soul,soul|70s|oldies|Love|Soundtrack,spotify:track:63xdwScd1Ai1GigAwQxE8y,https://i.scdn.co/image/ab67616d0000b273a1fc113a6858d0824d9aaf38
3,,"Pump Up The Sasha",lorimariani,Thunderstruck,AC/DC,19,1,yes,89,11,66,"on file",133.9,B,major,292.93,"hard rock","hard rock|rock|classic rock|heavy metal|ACDC",spotify:track:57bgtoPSgt236HzfBOd8kj,https://i.scdn.co/image/ab67616d0000b2739a9b1cc067e4460da04adce2
3,,"Plots so thicc","Sasha Mariana","El Paso","Marty Robbins",18,1,yes,53,47,44,"on file",106.1,D,major,260.84,,,spotify:track:4f8hBeMXMvssn6HtFAtblo,https://i.scdn.co/image/ab67616d0000b273084051346f432cc68a1279cd
3,,"Your Permanent Record",lorimariani,"Goodbye Yellow Brick Road - Remastered 2014","Elton John",17,1,yes,81,19,47,"on file",122.3,F,major,192.83,,,spotify:track:4IRHwIZHzlHT1FQpRa5RdE,
3,,"Must be love on the brain","Sasha Mariana","In My Life - Remastered 2009","The Beatles",17,2,"",83,17,36,"on file",104.2,A,major,146.33,,,spotify:track:3KfbEIOC7YIv90FIfNSZpo,https://i.scdn.co/image/ab67616d0000b273ed801e58a9ababdea6ac7ce4
3,,"🐜 🐜 👖",Ronm,Tubthumping,Chumbawamba,16,1,yes,70,30,61,"on file",104.2,A,major,213.21,90s,90s|pop|alternative|rock|party,spotify:track:22HYEJveCvykVDHDiEEmjZ,https://i.scdn.co/image/ab67616d0000b2736cfc470251e23a7bb6a38d66
3,,"🐜 🐜 👖",gregamariani,Y.M.C.A.,"Village People",16,1,yes,46,54,10,"on file",127.8,D#,minor,241.14,,,spotify:track:4YOJFyjqh8eAcbKFfv88mV,https://i.scdn.co/image/ab67616d0000b2736effa8520bc566806f680860
3,,"Department of Education",mmariani13,"You Learn - 2015 Remaster","Alanis Morissette",15,1,yes,57,43,56,"on file",84.0,G#,major,241.38,,,spotify:track:4l7YIni9bAiGwWMqK5wvgV,https://i.scdn.co/image/ab67616d0000b273242e643ea07118ecf677a6ef
3,,"Department of Education",lorimariani,Jeremy,"Pearl Jam",15,1,yes,85,15,75,"on file",106.1,A,major,333.96,Grunge,"Grunge|90s|rock|alternative rock|alternative",spotify:track:62nQ8UZVqR2RMvkJHkcO2o,https://i.scdn.co/image/ab67616d0000b2732d0e5ab5bd2e234fbcffa3e0
3,,"Pump Up The Sasha",Ronm,"Girl on Fire","Alicia Keys",15,2,"",65,35,69,"on file",90.7,A,major,232.88,,,spotify:track:4esOae7i4rqTbAu9o5Pxco,https://i.scdn.co/image/ab67616d0000b273a4fe49eb27e8152710e7a590
3,,"Plots so thicc",lorimariani,"Go Your Own Way - 2004 Remaster","Fleetwood Mac",15,2,"",84,16,66,"on file",133.9,F,major,223.61,,,spotify:track:4xh7W7tlNMIczFhupCPniY,https://i.scdn.co/image/ab67616d0000b273e52a59a28efa4773dd2bfe1b
3,,"🐜 🐜 👖",lorimariani,"All The Small Things",blink-182,15,3,"",95,5,69,"on file",74.0,C,major,170.6,"punk rock","punk rock|pop punk|punk|rock|Blink 182",spotify:track:2m1hi0nfMR9vdGC8UcrnwU,https://i.scdn.co/image/ab67616d0000b2736da502e35a7a3e48de2b0f74
3,,"Wild Thing",lorimariani,"Wild Horses","The Rolling Stones",14,2,"",69,31,57,"on file",74.0,G,major,348.89,,,spotify:track:4M4Q3JLsUbyTkd5WHty1WB,https://i.scdn.co/image/ab67616d0000b273b11b3fc3c89477a7dd473bd7
3,,"Your Permanent Record",missmara,"Total Eclipse of the Heart","Bonnie Tyler",13,2,"",83,17,32,"on file",133.9,G#,major,333.89,80s,"80s|pop|female vocalists|Ballad|rock",spotify:track:7wuJGgpTNzbUyn26IOY6rj,https://i.scdn.co/image/ab67616d0000b2738cefe8e2f2cfd63ce073fa96
3,,"Department of Education",gregamariani,"Teenage Dirtbag",Wheatus,13,3,"",91,9,16,"on file",95.3,E,major,246.82,rock,"rock|alternative|alternative rock|90s|pop",spotify:track:25FTMokYEbEWHEdss5JLZS,https://i.scdn.co/image/ab67616d0000b2730a3740efa638f10f14fabc46
3,,"Department of Education",Mashew,"Fight For Your Right","Beastie Boys",13,3,"",68,32,40,"on file",133.9,G#,major,240.33,,,spotify:track:5NLuC70kZQv8q34QyQa1DP,https://i.scdn.co/image/ab67616d0000b273a7ea08ab3914c5fb2084a8ac
3,,"Pump Up The Sasha",gregamariani,Sirius,"The Alan Parsons Project",13,3,"",51,49,25,instrumental,112.5,B,minor,116.67,"Progressive rock","Progressive rock|instrumental|80s|rock|classic rock",spotify:track:0hSs4vOZo1OkRiAOoLafrT,https://i.scdn.co/image/ab67616d0000b2738c5a6302666a7f69a8ded468
3,,"Your Permanent Record",Ronm,"(I Can't Get No) Satisfaction - Mono","The Rolling Stones",12,3,"",63,37,54,"on file",137.2,E,major,223.44,,,spotify:track:2PzU4IB8Dr6mxV3lHuaG34,https://i.scdn.co/image/ab67616d0000b27305c5be85b64eaff732f7cb0b
3,,"Must be love on the brain",margs,"Isn't She Lovely","Stevie Wonder",12,3,"",72,28,45,"on file",119.7,C#,minor,199.39,soul,"soul|70s|motown|Stevie Wonder|pop",spotify:track:3NlLmKBJozwoi0k03Feb1N,https://i.scdn.co/image/ab67616d0000b273835ed5fb9b70f46c3177ffde
3,,"Must be love on the brain",Kristin,"Still into You",Paramore,12,3,"",98,2,86,"on file",137.2,F,major,220.14,rock,"rock|pop|2013|pop rock|KICK",spotify:track:3SXXFIZel1VQQ4ENiqozxi,https://i.scdn.co/image/ab67616d0000b273fa94e7d8d2480cc906ba4441
3,,"Must be love on the brain",lorimariani,"Harvest Moon","Neil Young",12,3,"",80,20,21,"on file",112.5,D,major,304.11,"classic rock","classic rock|singer-songwriter|folk|Neil Young|rock",spotify:track:5l9c6bJmzvftumhz4TMPgk,https://i.scdn.co/image/ab67616d0000b27349b5b0e43ad82f8b6d0379e4
3,,"Pump Up The Sasha",Kristin,"Lose Yourself",Eminem,12,4,"",90,10,36,"on file",85.2,D,major,327.51,rap,"rap|Hip-Hop|Eminem|Soundtrack|hip hop",spotify:track:5Z01UMMf7V1o0MzF86s6WJ,https://i.scdn.co/image/ab67616d0000b273eab40fc794b88b9d1e012578
3,,"Plots so thicc",missmara,"100% Endurance","Yard Act",12,3,"",34,66,50,"on file",114.8,F,major,230.2,,,spotify:track:0jhDyfdBiRfMi3jh9z2S0U,https://i.scdn.co/image/ab67616d0000b273e9cb95bcfb8b7ce00a2c2fa0
3,,"🐜 🐜 👖",margs,"Sir Duke","Stevie Wonder",12,4,"",78,22,46,"on file",108.2,F#,major,232.36,soul,soul|funk|70s|motown|pop,spotify:track:4pNiE4LCVV74vfIBaUHm1b,https://i.scdn.co/image/ab67616d0000b2732fee61bfec596bb6f5447c50
3,,"🐜 🐜 👖",mmariani13,"Callin' Out","Lyrics Born, Joyo Velarde",12,4,"",1,99,87,instrumental,95.3,F,minor,214.35,,,spotify:track:51shUQiX7SboW7URSuydwV,https://i.scdn.co/image/ab67616d0000b273de4025aafdf6e47a7107e1b6
3,,"Wild Thing",missmara,"Long Legged Larry","Aesop Rock",12,3,"",25,75,38,"on file",85.2,G,minor,200.55,,,spotify:track:0OX9lzZxKlbtn3c2d97uqz,https://i.scdn.co/image/ab67616d0000b27363c24ce03c7abc39809b5ccb
3,,"Your Permanent Record",Kristin,"Move Along","The All-American Rejects",11,4,"",82,18,87,"on file",74.0,D#,major,241.84,rock,"rock|alternative|pop punk|alternative rock|emo",spotify:track:58HpsDKeYoLtNhXFQyQmz5,https://i.scdn.co/image/ab67616d0000b2734d54e4f290fe5c08c66ebc0e
3,,"Must be love on the brain",missmara,"Do I Wanna Know?","Arctic Monkeys",11,6,"",99,1,71,"on file",85.2,C,major,265.68,"indie rock","indie rock|indie|alternative|rock|arctic monkeys",spotify:track:5FVd6KXrgO9B3JPmC8OPst,https://i.scdn.co/image/ab67616d0000b2734ae1c4c5c45aabe565499163
3,,"Wild Thing",margs,"Pink Pony Club","Chappell Roan",11,4,"",97,3,56,"on file",106.1,F#,major,280.32,pop,"pop|synthpop|indie pop|indie|pop rock",spotify:track:1k2pQc5i348DCHwbn5KTdc,https://i.scdn.co/image/ab67616d0000b27396fa88fb1789be437d5cb4b6
3,,"Wild Thing",Kristin,Kitty,"The Presidents Of The United States Of America",11,4,"",41,59,5,"on file",97.0,C#,minor,216.06,,,spotify:track:33yN1Lc3tJLVXuHxnMkoDf,https://i.scdn.co/image/ab67616d0000b273ec96ce38f636ef7b49460079
3,,"Your Permanent Record",Mashew,"I Have a Date - Originally Performed By The Simpletones","The Vandals",10,5,"",17,83,55,"on file",106.1,C,major,133.52,,,spotify:track:2PEBsyLqTdWbsb5I6EpqMa,https://i.scdn.co/image/ab67616d0000b27364bc8885898e561556c643df
3,,"Department of Education",Kristin,"Another Brick in the Wall, Pt. 2","Pink Floyd",10,5,"",82,18,10,"on file",104.2,D,minor,198.5,"classic rock","classic rock|Progressive rock|rock|Psychedelic Rock|Pink Floyd",spotify:track:4gMgiXfqyzZLMhsksGmbQV,https://i.scdn.co/image/ab67616d0000b273b694e89ba937dd2631ff584c
3,,"Plots so thicc",margs,"Alexander Hamilton","Leslie Odom Jr., Daveed Diggs, Okieriete Onaodowan, Lin-Manuel Miranda, Phillipa Soo, Christopher Jackson, Original Broadway Cast of Hamilton",10,4,"",11,89,47,"on file",133.9,B,minor,237.09,,,spotify:track:4TTV7EcfroSLWzXRY6gLv6,https://i.scdn.co/image/ab67616d0000b273d72fb5571087bca0a2fed008
3,,"Plots so thicc",Kristin,"Say Something","A Great Big World, Christina Aguilera",10,4,"",17,83,30,"on file",130.8,D,major,231.28,,,spotify:track:6Vc5wAMmXdKIAM7WUoEb7N,https://i.scdn.co/image/ab67616d0000b27352744973b0719cda89549292
3,,"Your Permanent Record",margs,"Wagon Wheel","Darius Rucker",9,6,"",62,38,27,"on file",74.0,A,major,346.36,country,"country|modern country|2013|american|my favorite",spotify:track:3xdjjKMcMOFgo1eQrfbogM,https://i.scdn.co/image/ab67616d0000b2733c814f8afa852904e9db8a9f
3,,"Your Permanent Record",mmariani13,"Second Hand News - 2004 Remaster","Fleetwood Mac",9,6,"",58,42,57,"on file",117.2,D,minor,176.31,,,spotify:track:4SZhxF0sIS8nDvwhT0Tt2V,https://i.scdn.co/image/ab67616d0000b273e52a59a28efa4773dd2bfe1b
3,,"Your Permanent Record","Sasha Mariana","Careless Whisper","George Michael",9,6,"",91,9,26,"on file",76.0,D,minor,300.69,80s,"80s|pop|romantic|George Michael|Love",spotify:track:5WDLRQ3VCdVrKw0njWe5E5,https://i.scdn.co/image/ab67616d0000b273813629baee66b2ec5f90ebee
3,,"Your Permanent Record",gregamariani,"Air Force Ones","Nelly, Murphy Lee, Ali, Kyjuan",9,6,"",7,93,56,"on file",82.7,F#,minor,295.97,,,spotify:track:7kAFSrTIOiVZ0gnHBuAH3l,https://i.scdn.co/image/ab67616d0000b273a8b9f97b9ea065b9a857e93f
3,,"Department of Education",margs,"...Baby One More Time","Britney Spears",9,6,"",93,7,43,"on file",93.8,C,minor,236.99,pop,"pop|90s|Britney Spears|dance|female vocalists",spotify:track:3MjUtNVVq3C8Fn0MP3zhXa,https://i.scdn.co/image/ab67616d0000b27336cf58e3e7cf36a145b1da18
3,,"Department of Education","Sasha Mariana","Don't Stand So Close To Me","The Police",9,6,"",68,32,33,"on file",70.3,G,minor,236.63,,,spotify:track:5veJDT0MLsLbhYsx42GXUD,https://i.scdn.co/image/ab67616d0000b273fb1bc65edf4717e75fbc70ab
3,,"Pump Up The Sasha",mmariani13,POWER,"Kanye West",9,5,"",96,4,35,"on file",76.0,G,minor,102.34,Hip-Hop,"Hip-Hop|rap|hip hop|Kanye West|power",spotify:track:2gZUPNdnz5Y45eiGxpHGSc,https://i.scdn.co/image/ab67616d0000b273d9194aa18fa4c9362b47464f
3,,"Plots so thicc",mmariani13,"Come Dancing","The Kinks",9,6,"",38,62,33,"on file",74.0,D,major,245.85,,,spotify:track:1M0J45ZSv6qNaBSbGCIcGV,https://i.scdn.co/image/ab67616d0000b273fa9f0cc717ffdb257db11704
3,,"Plots so thicc",Ronm,"To Leave Something Behind","Sean Rowe",9,6,"",21,79,54,"on file",74.0,A,major,296.38,,,spotify:track:4ric198pxxaosqsNVHHroF,https://i.scdn.co/image/ab67616d0000b273818476768c99dc41832ef472
3,,"🐜 🐜 👖",Kristin,"Since U Been Gone","Kelly Clarkson",9,6,"",90,10,75,"on file",130.8,G,major,189.06,pop,"pop|female vocalists|Kelly Clarkson|pop rock|rock",spotify:track:3xrn9i8zhNZsTtcoWgQEAd,https://i.scdn.co/image/ab67616d0000b27303dadde4d9d305c1c3e0d91c
3,,"🐜 🐜 👖",missmara,i,"Kendrick Lamar",9,6,"",87,13,33,"on file",122.3,F,minor,282.08,rap,"rap|funk|hip hop|Hip-Hop|Neo Soul",spotify:track:7wdzLe2Gsx1RGqbvYZHASz,https://i.scdn.co/image/ab67616d0000b2736d89f336fbfbdf2089701da0
3,,"Wild Thing","Sasha Mariana","Cool Cat - Remastered 2011",Queen,9,6,"",63,37,43,"on file",74.0,A,major,215.01,,,spotify:track:6Re2AwZUVlgBng04BZTauW,https://i.scdn.co/image/ab67616d0000b273a1e05e1048e2cf2737adf742
3,,"Must be love on the brain",gregamariani,"The Joker","Steve Miller Band",8,7,"",74,26,34,"on file",82.7,F,major,218.56,"classic rock","classic rock|70s|rock|steve miller band|oldies",spotify:track:1bp2IO61zbQrbWNmKKxg3f,https://i.scdn.co/image/ab67616d0000b273375445cc7a2aedff11361b51
3,,"Department of Education",Ronm,"The Logical Song",Supertramp,8,8,"",62,38,77,"on file",119.7,C,minor,238.17,,,spotify:track:2IOeOJyiuzwF8BRAK9jJyj,https://i.scdn.co/image/ab67616d0000b27372513233916c9ec4c819c3f0
3,,"Pump Up The Sasha","Sasha Mariana",Signs,"Snoop Dogg, Charlie Wilson, Justin Timberlake",8,6,"",11,89,52,"on file",112.5,A,minor,238.04,,,spotify:track:4HSAJpNocVNJbwbQvtCMdO,https://i.scdn.co/image/ab67616d0000b273e803716268c173c3f9a0c057
3,,"Pump Up The Sasha",missmara,"Big Cat","Wild Beasts",8,6,"",27,73,17,"on file",86.5,C,minor,205.53,,,spotify:track:5IQQXe71ZEffQzl6Rzflbj,https://i.scdn.co/image/ab67616d0000b2732b621f34eb398352d7bb6eef
3,,"Pump Up The Sasha",Mashew,HUMBLE.,"Kendrick Lamar",8,6,"",98,2,86,"on file",74.0,C#,minor,183.61,rap,"rap|trap|Hip-Hop|hip hop|2017",spotify:track:7KXjTSCq5nL1LoYtL7XAwS,https://i.scdn.co/image/ab67616d0000b2738b52c6b9bc4e43d873869699
3,,"Plots so thicc",Mashew,"Creeping out Sara",NOFX,8,8,"",33,67,66,"on file",70.3,A,major,177.05,,,spotify:track:2ocgKz53EV8Cv2inSCCgTd,https://i.scdn.co/image/ab67616d0000b2736bbcacfb0dabb0ad102e88f6
3,,"Plots so thicc",gregamariani,"Lose Yourself",Eminem,8,8,"",90,10,36,"on file",85.2,D,major,327.51,rap,"rap|Hip-Hop|Eminem|Soundtrack|hip hop",spotify:track:5Z01UMMf7V1o0MzF86s6WJ,https://i.scdn.co/image/ab67616d0000b273eab40fc794b88b9d1e012578
3,,"Wild Thing",mmariani13,Dog,"The Bottle Rockets",8,7,"",6,94,60,"on file",92.2,E,major,157.16,,,spotify:track:0Oe8gKILZ4wz3psKS8qrkj,https://i.scdn.co/image/ab67616d0000b273e077f004765c74c8b09479f5
3,,"Department of Education",missmara,"Chaise Longue","Wet Leg",7,9,"",64,36,70,"on file",80.4,G,major,206.17,,,spotify:track:0nys6GusuHnjSYLW0PYYb7,https://i.scdn.co/image/ab67616d0000b2731ce49e09e09c4f4f54533a1e
3,,"Pump Up The Sasha",margs,"Ride Wit Me","Nelly, City Spud",7,9,"",15,85,57,"on file",102.3,B,minor,290.39,,,spotify:track:3Gf5nttwcX9aaSQXRWidEZ,https://i.scdn.co/image/ab67616d0000b273a7ad64a69a42647de9dd0dad
3,,"🐜 🐜 👖",Mashew,Cotton,"Vince Staples",7,8,"",25,75,97,"on file",130.8,A,minor,195.88,,,spotify:track:2Dh62ulfuwM2lOWPy4TLEb,https://i.scdn.co/image/ab67616d0000b27361796c8a96db3d3a1497fbd6
3,,"Wild Thing",gregamariani,"Eye of the Tiger",Survivor,6,8,"",87,13,38,"on file",108.2,C,minor,244.84,80s,"80s|rock|classic rock|Soundtrack|rocky",spotify:track:2HHtWyy5CgaQbC7XSoOb0e,https://i.scdn.co/image/ab67616d0000b2734e2755e7a96ec5e062c76aac
3,,"Must be love on the brain",Mashew,Want,Jawbreaker,5,8,"",36,64,86,"on file",100.4,A,major,201.65,,,spotify:track:4ApwYjaCE3IWWCeh0TWGS4,https://i.scdn.co/image/ab67616d0000b273809f30d9f753082f02523782
3,,"Must be love on the brain",mmariani13,"I Need Love","LL COOL J",3,9,"",33,67,34,"on file",87.9,A,minor,253.93,,,spotify:track:3g7zG6d1MLV5gVVdi1dg9F,https://i.scdn.co/image/ab67616d0000b2731f05853c6348796dd80f8a80
3,,"🐜 🐜 👖","Sasha Mariana","Blame It on the Rain","Milli Vanilli",3,9,"",42,58,31,"on file",95.3,F,minor,258.43,,,spotify:track:0UUpyDCYzkziXJ1TM4awHM,https://i.scdn.co/image/ab67616d0000b27327633a9334316bf2ce9d6bc2
3,,"Wild Thing",Ronm,"All Summer Long","Kid Rock",2,9,"",67,33,66,"on file",102.3,G,major,228.32,,,spotify:track:5rX6C5QVvvZB7XckETNych,https://i.scdn.co/image/ab67616d0000b273a3473085a2a48547a5c290a8
3,8,"Don't Make Me Sing",lorimariani,Creep,Radiohead,18,1,yes,100,0,42,"on file",92.2,G,major,236.53,alternative,"alternative|alternative rock|rock|indie|radiohead",spotify:track:70LcF31zb1H0PyJoS1Sx1r,https://i.scdn.co/image/ab67616d0000b273ec548c00d3ac2f10be73366d
3,8,"Don't Make Me Sing",mmariani13,"This Is How We Do It","Montell Jordan, Wino",14,2,"",10,90,58,"on file",104.2,F,major,233.57,,,spotify:track:6uQKuonTU8VKBz5SHZuQXD,https://i.scdn.co/image/ab67616d0000b2730aba996870017b7e8cb5d8f1
3,8,"Don't Make Me Sing",Ronm,"Come and Get Your Love - Single Version",Redbone,13,3,"",75,25,57,"on file",108.2,D,major,207.47,,,spotify:track:7GVUmCP00eSsqc4tzj1sDD,https://i.scdn.co/image/ab67616d0000b27346814e1b44e54d806753801e
3,8,"Don't Make Me Sing",margs,"A Whole New World","Lea Salonga, Brad Kane, Disney",11,4,"",11,89,23,"on file",125.0,D,minor,152.31,,,spotify:track:1hwdPQtFHISvZ9SXMkNrIK,https://i.scdn.co/image/ab67616d0000b2734a4b92dcf7a5c51cc4f7424c
3,8,"Don't Make Me Sing","Sasha Mariana","Neon Moon","Brooks & Dunn",11,4,"",57,43,36,"on file",102.3,A,major,262.76,country,"country|Brooks and Dunn-Neon Moon|Brooks and Dunn|Love|90s",spotify:track:3EUl8M6SzxZl03NPkB8mUd,https://i.scdn.co/image/ab67616d0000b273941001e5ce6bc1272466de29
3,8,"Don't Make Me Sing",missmara,Anxiety,Doechii,10,6,"",68,32,34,"on file",127.8,C,major,251.67,"pop rap","pop rap|hip hop|alt-pop|alternative pop|indie pop",spotify:track:3LPLRNr58Z9Pn0clnEtkXb,https://i.scdn.co/image/ab67616d0000b273ea29212b801087f18319c187
3,8,"Don't Make Me Sing",gregamariani,"Party In The U.S.A.","Miley Cyrus",8,7,"",92,8,57,"on file",95.3,D#,minor,207.13,pop,"pop|Miley Cyrus|guilty pleasure|dance|party in the usa",spotify:track:5Q0Nhxo0l2bP3pNjpGJwV1,https://i.scdn.co/image/ab67616d0000b273d6c3ad6a2a27471e1d5e8103
3,8,"Don't Make Me Sing",Mashew,"Bow Down",Geese,7,8,"",51,49,80,"on file",108.2,B,minor,208.28,"art punk","art punk|krautrock|indie rock|dance-punk|Funk Rock",spotify:track:5jR6zOQf3HtU2mifXWg6hE,https://i.scdn.co/image/ab67616d0000b27345e82ae0372a50834825c018
3,8,"Don't Make Me Sing",Kristin,"Mmm Mmm Mmm Mmm","Crash Test Dummies",7,8,"",59,41,18,"on file",92.2,A#,major,242.92,,,spotify:track:76nvqWPFucUra1xCkN1tnD,https://i.scdn.co/image/ab67616d0000b273e7587590dfd90f55c6f79b78
